0d0ff21fe07ab0278dbcc54c0dfa919f.jpg,下尾美羽,生写真,7专剧特,1
bb1f6371738b3dd2db44ce199a37a578.jpg,兒玉遥,交换卡,,1
c24afddf50c6b39df0ebfe71ff7d4a26.jpg,兒玉遥,交换卡,,1
3e36fbe5b0e1d2eb8ad1f246d8827593.jpg,兒玉遥,日历卡,,1
989da69577fc37289963348debeb9ad5.jpg,兒玉遥,日历卡,,1
7191c58921ac80b87b31e1c557d6d556.jpg,兒玉遥,日历卡,,1
1d5ffe1571b7920d60c1f3c5e5f9b57c.jpg,小嶋真子,生写真,,1
1e0ef83db4b22264a65615ff995b1b0d.jpg,兒玉遥,生写真,HKT4单店特,1
2a9066df82f892853d38386fc278ed81.jpg,武藤十梦x永尾玛利亚,生写真,akb34单店特,1
2b64777cd3d6a0caf6712d28679f3e9c.jpg,前田敦子x大岛优子,生写真,UZA店特？,1
2d109f83f4623256de5b62473d161ed4.jpg,北原里英,生写真,AKB20单剧特,1
2eaf975e4f494ae8f435ef104d642ff9.jpg,峯岸南x渡边麻友x高城亚树,生写真,AKB34单店特,1
2f7b07f6dbcc78cc984a76fed0b22bce.jpg,兒玉遥,生写真,曲奇剧特,1
4a44c148f19d58454fb73a2273c36e78.jpg,高桥南,生写真,,1
4cdb6d7596c7e7a4ce29e8df539fe1da.jpg,神志那结衣,生写真,7专剧特,1
4d652af1810d68e77237d218fc79fbcb.jpg,小嶋阳菜,生写真,AKB狗单内封,1
5dd5793ca2f0654f3257eb239d38f55a.jpg,宮脇咲良,生写真,HKT1单店特,1
7eacd63276810617d8c2dd70ffd20ae2.jpg,松井珠理奈x小嶋阳菜,生写真,AKB31单内封,1
8c48dede7d54d160e42fef48fcce37c9.jpg,大岛凉花,生写真,UZA剧特,1
9a61203e13c188f441e2ffaddd05406e.jpg,前田敦子,生写真,,1
9e1f3e0a288c8344dff71dbfe1318562.jpg,松井珠理奈x渡边麻友,生写真,,1
9ebf148f005e0b411fba7adae3b5322e.jpg,栗原纱英x山本茉央,生写真,店特,1
21b9264fbe937f8988ade33fb1e80f21.jpg,柏木由纪,生写真,,1
21bdcc0c6ca69259659f8d559c9c7b0e.jpg,大岛优子,生写真,,1
29ce20d5e40c208d465c82e0f1ebd69a.jpg,小嶋阳菜x高桥南,生写真,店特,1
39e3a5a55d46032034a6c705e350edb1.jpg,荒巻美咲,生写真,7专剧特,1
40aa52aea0a225f90ee6f689ce26b077.jpg,前田敦子,生写真,,1
50df8e443524361bab34334f4017857c.jpg,兒玉遥,生写真,2015HKT7月个别SET,1
67f127965c92f1db6af46d490f32189f.jpg,北原里英,生写真,AKB25单剧特,1
68a98ddf4c0a9e523f209adb8ea930de.jpg,森保圆x植木南央,生写真,HKT2单店特,1
73a1326a9929f0b5a424ead344fa0bb1.jpg,小嶋阳菜,生写真,AKB33单内封,1
76b9932690bef28a31db701603edeaa7.jpg,松井珠理奈,生写真,33单店特,1
77fb2291c8e3ae3520eed09bd0f6dc3f.jpg,兒玉遥,生写真,AKB31单内封,1
085ae8b47511341ccac79835a068b07b.jpg,兒玉遥x宮脇咲良,生写真,HKT4单店特,1
100dd5606b6e051986bd6ded8cd66317.jpg,兒玉遥,生写真,2015AKB7月个别,1
194eb45bd56e90aec5487420be5e54ba.jpg,松井珠理奈,生写真,AKB33单店特,1
253e8bf17e2a6567e4bb51d2d05d0526.jpg,冈本尚子x渕上舞,生写真,HKT2单店特,1
448c1dd50fc0d1cb188c647c5a71bd1f.jpg,板野友美x岛崎遥香,生写真,AKB31单店特,1
487e0d83ff1b5b237cf48703d4e2b778.jpg,穴井千寻,生写真,2015HKT7月个别SET,1
556e1b96d3b4bb9d6631ffd9582cad63.jpg,渡边美优纪,生写真,1830东蛋限定,1
906fc6fcd0d7c4fcee68fbecacf5a5b7.jpg,小林茉里奈,生写真,AKB武道馆临时总会限定,1
977d2c6c083fa23665301a74d6ceb05a.jpg,永尾玛利亚,生写真,AKB武道馆临时总会限定,1
3749cc24b287954628480e3446beb0c2.jpg,木崎尤利娅,生写真,AKB31单内封,1
4989c4eb0340dd4d499281098b4f993a.jpg,汤本亚美,生写真,7专剧特,1
6785c676b8b27e3ff656325a66aacfde.jpg,渡边麻友x大岛优子,生写真,AKB31单店特,1
9832faffb45bbe23714e924e7a700eef.jpg,松井珠理奈x渡边麻友,生写真,AKB33单店特,1
14584daa50c7a7c1f21747ec026d801e.jpg,多田爱佳,生写真,剧特,1
43778ec72105c98f4ee90edfb3bc1cd6.jpg,加藤玲奈,生写真,UZA剧特,1
57665f15211338e86139b904efed88f9.jpg,宮脇咲良,生写真,HKT4单店特,1
67966d1bec3a1b33a6f4e9c600f040ef.jpg,近野莉菜,生写真,1830东蛋限定,1
71525b69101534989b6b40ccb9a629aa.jpg,前田敦子,生写真,AKB23单剧特,1
292690b0680e1443d770ba1c0c3fb9f8.jpg,大岛优子,生写真,,1
297595b990fe04a9b5357ee2c68a223e.jpg,朝长美樱x田岛芽瑠,生写真,HKT2单店特,1
641995c5e9585354561a73b253aae6f5.jpg,松井珠理奈x小嶋阳菜,生写真,AKB31单店特,1
2870988583cc4bdb059fa343d7f260fb.jpg,松井珠理奈,生写真,悬铃内封,1
78597612289a4225247389373b438de4.jpg,兒玉遥,生写真,AKB42单剧特,1
a0b65e2922e4159c09c3690e71666c98.jpg,渕上舞x田岛芽瑠,生写真,HKT1单店特,1
a7164423d8b2ef34ed66a2fa8328bf5a.jpg,铃木紫帆里,生写真,1830东蛋限定,1
aeb0ab08f9319055e3a59e020df8b847.jpg,仓持明日香,生写真,2012AKB9月月别,1
af14ad6c55152091a02ab84415e75fd0.jpg,入山杏奈,生写真,AKB33单内封,1
b5a5a6c26361d4b2119efab33460ae23.jpg,岩立沙穂,生写真,AKB34单内封,1
b63dd6e4634799d041f0a55b58796941.jpg,前田敦子,生写真,剧特,1
b203d50690667e1b4db1e3d2fc606d48.jpg,渕上舞,生写真,7专剧特,1
b669e92f27755163704b9afd99c101c3.jpg,兒玉遥,生写真,HKT1单店特,1
ba75cb9a0005783efe22dcce9758fd51.jpg,高城亚树,生写真,AKB31单内封,1
bb5c9e5547337ff7ce40ceecb785f487.jpg,渡边麻友,生写真,店特,1
bb494da49baa72e32cdae18c5c39fc24.jpg,石田晴香,生写真,1830东蛋限定,1
bcc39ea329fc5519892fe79757c0624a.jpg,前田敦子,生写真,店特,1
c89fa5910e7ab7d7d7d20aea4e5311c1.jpg,高桥南x指原莉乃,生写真,店特,1
d46e5351e146bfb5617ac6214120e09d.jpg,大岛优子,生写真,内封,1
d4467206fe9255dfe4748ed60cebc7ec.jpg,多田爱佳x渡边麻友,生写真,AKB33单店特,1
daa90c6ad9622eb4c4d7974bdf4bd95c.jpg,森保圆,生写真,内封,1
dad9f5cf9e961326be58513473352f17.jpg,松井玲奈x山本彩x川荣李奈,生写真,悬铃店特,1
db07b5444eb910832bd513f27b2f2272.jpg,峯岸南,生写真,内封,1
dd0f0bff09dcc7604be28a0c445d777b.jpg,兒玉遥,生写真,AKB31单剧特,1
dd3c369b26b4a7c25a53fc83d1330d88.jpg,峯岸南x松井玲奈x横山由依,生写真,AKB33单店特,1
dede89bd129e5ac6e74378f3f04ed309.jpg,多田爱佳,生写真,AKB31单剧特,1
df5fb056db7196499f2739c5e0b19eb7.jpg,篠田麻里子,生写真,,1
e3d75f6cf9344a685ccb3fec86a61e78.jpg,兒玉遥,生写真,UZA内封,1
e4b88a3bba68dc2fafef39e60d1717e4.jpg,冈田奈奈,生写真,内封,1
e958b7f290aba384d334468ca746162f.jpg,横山由依,生写真,31单内封,1
efe91daac71eefb40e197fca20208f25.jpg,兒玉遥,生写真,GIVE ME FIVE剧特,1
fa0c8c364d19f4d52e4e50ed8a7c824e.jpg,阿部玛利亚,生写真,内封,1
01e506e1277b66d10c1fee43f1d1603b.jpg,兒玉遥,生写真,2013AKB10月月别,1
07f0aad80f2e97868338ae814feb667e.jpg,兒玉遥,生写真,,1
0d00cf1c13e719b89bb7ca7e4e3cff0a.jpg,兒玉遥,生写真,BLT赠品?,1
0d63c1514219ba956ca701e97017cb6a.jpg,兒玉遥,生写真,2013AKB6月月别,1
1008c414a42e3a48dae72df697f962fc.jpg,兒玉遥x宮脇咲良,生写真,吃樱花店特,1
11060d776eb64f0185db47e56cb4e753.jpg,佐藤堇,生写真,20单剧特,1
17bf5f31a76556a2a28a46ea815cd69a.jpg,兒玉遥,生写真,2014RH限定,1
17faa9e526c62ba0d889da4de5a8c0a5.jpg,兒玉遥,生写真,2013夏con内付,1
18982cb57fa9f54fbd758d7c94b2ecb7.jpg,岛崎遥香x山本彩,生写真,狗单店特,1
1b63e05434cc88298f1d4b00a2a76cc3.jpg,兒玉遥,生写真,2013AKB7月月别,1
1b9a2fa816aeb178689bf5f6b4ab91ed.jpg,松冈菜摘x森宝圆,生写真,柠檬汁店特,1
1c67a3fb50bcb65ba6a2ea84111cfddd.jpg,兒玉遥,生写真,2013夏con内付,1
1d125a87ca2d4d63c6fbe9f5a458288f.jpg,兒玉遥,生写真,2013夏con内付,1
1ea4b200b4d1d8f5e06fbd07e4611e25.jpg,兒玉遥,生写真,HKT1单握手会限定,1
21b9dc195db7e6b8af93890655324aac.jpg,兒玉遥,生写真,HKT1单握手会限定,1
24a5c350450725016f074a12cbd11edb.jpg,兒玉遥,生写真,,1
25359fb1f5410d78d6b2fb0a1dcea641.jpg,山田麻莉奈,生写真,HKT香港con限定,1
274a2c014e3ac131c1466b8babcc36a4.jpg,兒玉遥,生写真,2013HKT1月月别,1
28cb1dc22f2b961ea1173c4ca816378f.jpg,兒玉遥,生写真,狗单内封,1
318b7157d5b21b98878a862258e8c458.jpg,兒玉遥,生写真,,1
34f6dce72542a3af141612f51e81d0b3.jpg,兒玉遥,生写真,2014AKB2月月别,1
3589e1b22c2740fd8226475c7182b8e3.jpg,兒玉遥,生写真,永压剧特,1
386be04fe3c417b673ee4999d7a4bd9b.jpg,兒玉遥,生写真,,1
3939c66b3d12068fba33f99877357fa5.jpg,兒玉遥,生写真,2013AKB8月月别,1
3a11306ea1775456c4568dcfc4a312ab.jpg,兒玉遥,生写真,HKT香港con限定,1
3a8dfb0cdb0a80f85a75166a22ff61d3.jpg,兒玉遥,生写真,HKT九州七县巡演限定,1
403ab40a84f39bf46112489b27b22a0f.jpg,田中优香,生写真,HKT香港con限定,1
416d948425e52e423d5db88f9fc47352.jpg,兒玉遥,生写真,2013AKB10月月别,1
418d837e678844464168763e836007bd.jpg,兒玉遥,生写真,HKT九州七县巡演福冈场限定,1
422684a3e69f42b0fc6d53e55cb07b30.jpg,兒玉遥,生写真,GIVEMEFIVE 内封,1
456c125be5d68650928d33fac9a40d34.jpg,兒玉遥,生写真,,1
4825120cffa7272e8d183ba180cbbd4f.jpg,松冈菜摘x兒玉遥,生写真,吃樱花店特,1
486b4150210a6b2f8082be6ff59d01de.jpg,朝长美樱,生写真,HKT九州七县巡演限定,1
4924f0e0c01c2d6179eea92f2eea7415.jpg,山田麻莉奈,生写真,HKT香港con限定,1
4ae2b845a244ce15f173ba262291e5c8.jpg,兒玉遥,生写真,,1
4ae74fe78f97eb7f2b00963ddff40c5b.jpg,兒玉遥,生写真,AKB35单内封,1
4b9fd49b2810da0944b2a3af497a9162.jpg,兒玉遥,生写真,3专剧特,1
4bf5043b3c4a41eebdffd4f5a1440ac3.jpg,兒玉遥,生写真,2013AKB10月月别,1
4d88a95d4f3ef42c6ac112cb85097f29.jpg,兒玉遥,生写真,2013AKB1月月别,1
50477b9203e8d78b54510f7e655debe4.jpg,兒玉遥,生写真,2013AKB6月月别,1
5052820798a7c6c66c5416fd5b42045b.jpg,兒玉遥,生写真,2013AKB8月月别,1
508320aaeff29036a6f186a4a1a013a5.jpg,千哈鲁xMIO,生写真,吃樱花店特,1
52d573d6682427330f39b77b4f17b2cb.jpg,兒玉遥,生写真,2013AKB6月月别,1
5a4ee5762f04ca06f8d292e085a46066.jpg,兒玉遥,生写真,UZA剧特,1
5ac193fd6083908b647f1b03e3b96069.jpg,兒玉遥x宮脇咲良,生写真,内封,1
5dfaf7b24925de760273c2503f33cd86.jpg,田中优香,生写真,HKT香港con限定,1
5f820b49a1abe997e8fd1b711fe33d79.jpg,兒玉遥,生写真,AKB33单剧特,1
5f9e3cba684b3eefb03ce00bdfb8582f.jpg,兒玉遥,生写真,真夏内封,1
615cf0e27760fb267ccfca6125d78f80.jpg,宫脇咲良x朝长美樱,生写真,吃樱花店特,1
6244f9fcffc030202c96e8c57bbf4bed.jpg,松井珠理奈x渡边麻友x岛崎遥香,生写真,店特,1
6327bb7ecd9f99a664b6fc9b01a6cd6c.jpg,兒玉遥,生写真,2013AKB12月月别,1
64f2d46bad4acd6b5d87c3a70e3f486f.jpg,兒玉遥,生写真,恋爱总选举特典,1
68df78a4071bbe137f111e45919c6b9b.jpg,朝长美樱x田岛芽瑠,生写真,柠檬汁店特,1
68e2f694003d87fb9a22166adec5d78d.jpg,兒玉遥,生写真,HKT九州七县巡演限定,1
698a814ebf2d4c9d31b4b10b59fe82a2.jpg,兒玉遥,生写真,36单剧特,1
704df9205b35c85f6d596e1855d6d83f.jpg,前田敦子x大岛优子,生写真,店特,1
716a55246ecc00e5d902ca030b322102.jpg,兒玉遥,生写真,2013AKB6月月别,1
71786245e0095e101a01f0c575ef25f1.jpg,兒玉遥,生写真,2013AKB9月月别,1
7308d6e32a48d1d0ed1b87df0c0a856b.jpg,兒玉遥,生写真,2014AKB福袋生写真,1
7403de022fe403709f8c90ed61c7f000.jpg,兒玉遥,生写真,狗单内封,1
75a000683cfb4ea4d9c1fa31328983a8.jpg,兒玉遥,生写真,特典,1
7699946f735d14b5805d2f0e3b2603d3.jpg,兒玉遥,生写真,2013夏con内付,1
77d67a0059ef867c9b032cef4daa2288.jpg,兒玉遥x宮脇咲良,生写真,柠檬汁店特,1
794a0a040db13f548597f972961e78f3.jpg,兒玉遥,生写真,HKT1单店特,1
7a4212c0b977055a2eec16d607181277.jpg,兒玉遥,生写真,2013夏con内付,1
7a9f70fc6fd803078b95b0ec1355b6f7.jpg,兒玉遥,生写真,GIVEMEFIVE 内封,1
7f4a7336809a7cb44ddf1f16b89266c5.jpg,兒玉遥,生写真,,1
7f999ccc1c165b9287ecc9820d119e54.jpg,田中优香,生写真,HKT香港con限定,1
80e71c0a9b5b1165d27c80b6b1696074.jpg,冈田栞奈,生写真,HKT香港con限定,1
81333b477057f8dc481d7d3c765c562f.jpg,冈田栞奈,生写真,HKT九州七县巡演限定,1
8741260ac1bc807886ece056150291ed.jpg,兒玉遥,生写真,悬铃内封,1
8a3248edda2925d296add17097144b32.jpg,兒玉遥,生写真,2013AKB9月月别,1
8ac66b86e37463edcf1e180f042d9767.jpg,兒玉遥,生写真,2014AKB2月月别,1
90c56def85308eb4afbde98b1379117b.jpg,兒玉遥,生写真,2013AKB7月月别,1
9157b3dcaeeeaf918001185051b08982.jpg,冈田栞奈,生写真,HKT香港con限定,1
9348868cb989cdffc7b5c8779a2e8144.jpg,兒玉遥,生写真,2013AKB12月月别,1
9574072d43b254a1cfddffd1cbabcb8f.jpg,兒玉遥,生写真,悬铃剧特,1
99bdf8a168b9816dbba7c0fd66e7a015.jpg,兒玉遥,生写真,,1
9a9fef5036acf79ff211d2b039381837.jpg,兒玉遥,生写真,HKT九州七县巡演限定,1
9ee979625a466cc0fa08beba8b18d8f9.jpg,兒玉遥,生写真,2013AKB9月月别,1
a1d7024f72dc696117cd3ce6f8881dd1.jpg,田中美久,生写真,HKT九州七县巡演限定,1
a2ddf79ebd6c24245bbcd6fc5803102c.jpg,兒玉遥,生写真,2014猜拳限定,1
a36d671cfede7f3bd1a234057313b7fa.jpg,兒玉遥,生写真,曲奇剧特,1
a72e6d6b5015b4ce1bf6cd6775b3aaab.jpg,兒玉遥,生写真,内封,1
ad982d9e270b646eb1b5ebb5fc743c5a.jpg,兒玉遥,生写真,31单剧特,1
adbc9581ce836e9e1c533b7f7f7c7c88.jpg,兒玉遥,生写真,狗单内封,1
ae81c32b35256dfb7752e474d558da88.jpg,兒玉遥,生写真,HKT九州七县巡演限定,1
b15af4f973374589669a474a6f8eef53.jpg,兒玉遥,生写真,吃樱花店特,1
b16ed8b1f7ebff6e00f1e63ba1e5afd0.jpg,兒玉遥,生写真,AKB日产con,1
b2a08b4e3039827c213da98737eddd5c.jpg,兒玉遥,生写真,真夏剧特,1
b3dcafde8c479a4ea563b0d2836b4fab.jpg,兒玉遥x多田爱佳x森宝圆,生写真,吃樱花店特,1
b7f97dcebe4874df83bb631238e9d17b.jpg,兒玉遥,生写真,2013AKB7月月别,1
b8273aa9834f109796197153619c43d4.jpg,兒玉遥,生写真,AKB日产con,1
b9552593c4f66c0f2e4b278ace791a9b.jpg,兒玉遥,生写真,HKT香港con限定,1
bf8a4b397b1135861128fc382629a48a.jpg,兒玉遥x朝长美樱,生写真,吃樱花店特,1
c04de2d1e233f1f4b7f78f6d11b234cf.jpg,指原莉乃x朝长美樱,生写真,31单店特,1
c3758746ce17b845080fab3e094dd952.jpg,兒玉遥,生写真,35单剧特,1
c54bb6a6d5fc180e6e47e1c2591ffef7.jpg,山本彩x岛崎遥香,生写真,狗单店特,1
c62647e28f8243cd6bc73b8fd9048507.jpg,兒玉遥,生写真,UZA剧特,1
ca8de5972179907b003db25c1ebd29f1.jpg,兒玉遥,生写真,2013HKT1月月别,1
cebb6b0babe5a0c4c071112dcbe3bdde.jpg,兒玉遥,生写真,GIVEMEFIVE 剧特,1
cfef5711cfa672c6803cb98240c9ded3.jpg,兒玉遥,生写真,2013AKB12月月别,1
d0e2a34e6b91ecd1431231a0523391e8.jpg,兒玉遥,生写真,2013HKT1月月别,1
d3e222bf2d2285b4c65bf74e50ef4548.jpg,中西智代梨,生写真,HKT九州七县巡演限定,1
d4cf5793913767d7cdc307220c1f72f3.jpg,兒玉遥,生写真,,1
d8f9170e501f01d70da6a9fc6ca5d982.jpg,兒玉遥,生写真,HKT1单握手会限定,1
d99ea695f6304b9a2ffa5b4f064c6a27.jpg,兒玉遥,生写真,,1
da5d97e0a045511303f9455e3c5c7c24.jpg,高桥南x柏木由纪x大岛优子,生写真,店特,1
dd5d5b11d34bbee5532f2762968df730.jpg,兒玉遥,生写真,2013AKB8月月别,1
de22770c660e63ab1767697f356734f6.jpg,兒玉遥,生写真,HKT1单握手会限定,1
e28130bcdc78e79523d20858dfa48d33.jpg,兒玉遥,生写真,AKB武道馆临时总会限定,1
e282a8bf828fc416942bebe55d533df1.jpg,兒玉遥,生写真,AKB日产con,1
e69a365edbd042d640ae04ccd79a551e.jpg,兒玉遥,生写真,AKB武道馆临时总会限定,1
e8c53eef6b4d2900a3332b2dd3f18e9b.jpg,兒玉遥,生写真,2013AKB8月月别,1
e8d26a430a41238a3206d87f32cbc798.jpg,兒玉遥,生写真,,1
eab8a728bb2260c86ad8152d3b66f5f6.jpg,冈本尚子,生写真,HKT九州七县巡演限定,1
eb63536251d57ae7fc7e0255f47ac79e.jpg,兒玉遥,生写真,2013AKB12月月别,1
ec3a1994856ad1744b82007a6e44c7f9.jpg,兒玉遥,生写真,SO LONG剧特,1
ed6735d23eb0bf32ed06284b0a4cb316.jpg,兒玉遥,生写真,HKT香港con限定,1
ef8369924e3464128d9a03034932df15.jpg,兒玉遥,生写真,2014RH限定,1
f1184791383c1ed476c6fc14d2f95d61.jpg,兒玉遥,生写真,HKT九州七县巡演限定,1
f1db91bb1f8c9e7e9aaeb476b32df529.jpg,兒玉遥,生写真,HKT九州七县巡演限定,1
f2d66c262a34c5c427d9cf43f681add4.jpg,NAKO MIKU,生写真,HKT4单店特,1
f594cca40840e2293ff599c8e694845b.jpg,兒玉遥,生写真,恋爱总选举特典,1
f8a2ae4927d980a2236fa7f2df807401.jpg,本村碧唯x村重杏奈,生写真,吃樱花店特,1
faf7ed784b5ebb76162802bb03be9078.jpg,兒玉遥,生写真,BLT赠品?,1
fbc984dc42de3d2f355ea117b0d39790.jpg,兒玉遥,生写真,2013AKB10月月别,1
fc152dfa7bf4ad88095470afb700103a.jpg,兒玉遥,生写真,AKB武道馆临时总会限定,1
8aa6887cb09bfc4cbd0d3ba1cf02edb5.jpg,高桥南,生写真 ,,1
35e8ecf4d9d343d6ecb6fe634f9991a1.jpg,武藤十梦,生写真 ,AKB34单内封,1
7047a65eaa6c55abc99ace2fe92d7022.jpg,前田敦子x大岛优子,生写真 ,,1
836285029ec06e8ccea26cc13298fc3d.jpg,松井珠理奈,生写真 ,,1
a5dbc5543882ab6dfe124cadb120af88.jpg,松井珠理奈x松井玲奈,生写真 ,,1
a842d83ed7f3c70205c80ce69980c379.jpg,北原里英,生写真 ,,1
ad7ebea9c2870efadd6b63454a401e0d.jpg,5人合照,生写真 ,,1
c14ccd53733f2547efcb1ba292f0081c.jpg,渡边美优纪,生写真 ,AKB33单内封,1
d8c249bf888e14699f78b5ed09c05e01.jpg,涩谷风咲,生写真 ,内封,1
ea25054480410d320e0914346823f3ac.jpg,高桥南,生写真 ,,1
efc707748b3a3d5268ed4a59ffb7bc68.jpg,前田敦子,生写真 ,,1
fbfde45eae424c44673719aee91f849f.jpg,篠田麻里子,生写真 ,1830东蛋限定,1
1337707926cc18dd4865f319940f4bb5.jpg,兒玉遥,生写真 ,AKB31单内封,1
a6a5a7a5644bd676832564fc1633a3b2.jpg,兒玉遥,生写真 ,2013AKB9月月别,1
a6d59f6b5d943923b4d68ed4067e09e1.jpg,兒玉遥,生写真 ,2013AKB7月月别,1
bfd571328b9a306d29824791db99bb37.jpg,兒玉遥,百货店手写卡,,1
2a4ec0696d127567d558e0ee3f476740.jpg,兒玉遥x森保圆,其他,,1
3e640035acabf78ead5baecdbe172677.jpg,,其他,,1
5b4bc8616ad8ddf7518d02cea434b49c.jpg,兒玉遥,其他,,1
8ea65d2d81c8469b028ece0d68d81376.jpg,横山由依,其他,,1
35c861ff4c5d70b26ef5088df646151b.jpg,兒玉遥,其他,,1
40bc26b1c6888ac07ad8515934934487.jpg,,其他,,1
86f6d6243468dcf114d8bd2e86dea0e0.jpg,,其他,,1
6777b8864da52a841468fbe54da226bf.jpg,兒玉遥,其他,,1
8373f21c30cfc88568892298c7300f95.jpg,兒玉遥,其他,,1
47728386a966e29e9073e608d70bbb1c.jpg,兒玉遥,其他,,1
ad688ea731724398887f8e4b77da11c8.jpg,兒玉遥,其他,,1
78f5a32fa64f2852880d92084657128c.jpg,兒玉遥,其他,,1
86f35ca98940d498e6e69275a450a35b.jpg,,其他,,1
b48cc47c08e9b0920aa21e3230d370d6.jpg,兒玉遥,其他,,1